STREETNAME,zone,whole_street_in_zone,lowest_number_on_segment,highest_number_on_segment,notes
ABBOTT ROAD,2,TRUE,,,
ABERDEEN AVENUE,10,TRUE,,,
ACORN STREET,10,TRUE,,,
ADAMS AVENUE,13,TRUE,,,
ADAMS AVENUE (NEWTON),13,TRUE,,,
ADAMS STREET,13,FALSE,0,135,
ADAMS STREET,12,FALSE,136,10000,
ADDISON ROAD,2,TRUE,,,
AGRILLO CIRCLE,1,TRUE,,,
ALBEMARLE ROAD,2,TRUE,,,
ALBERT STREET,12,TRUE,,,
ALDER STREET,13,TRUE,,,
ALDERWOOD ROAD,2,TRUE,,,
ALLEN ROAD,10,TRUE,,,
AMELIA DRIVE,2,TRUE,,,
AMHERST AVENUE,1,FALSE,0,64,
AMHERST AVENUE,4,FALSE,65,10000,
AMORY ROAD,9,TRUE,,,
ANDREA ROAD,8,TRUE,,,
ANGLESIDE ROAD,12,TRUE,,,
ANTICO CIRCLE,14,TRUE,,,
ANTICO WAY,12,TRUE,,,
APPLETON STREET,9,TRUE,,,
ARBOR LANE,1,TRUE,,,
ARBOR ROAD (NEWTON),13,TRUE,,,
ARCADIA AVENUE,2,TRUE,,,
ARCADIA PLACE,2,TRUE,,,
ARLINGTON ROAD,13,TRUE,,,
ASH STREET,13,TRUE,,,
ATHLETIC FIELD ROAD,5,TRUE,,,
AUBURN STREET,8,TRUE,,,
AUBURN TERRACE,8,TRUE,,,
AUGUSTUS ROAD,2,TRUE,,,
AUTUMN LANE,4,TRUE,,,
AZALEA ROAD,2,TRUE,,,
BACON STREET,5,FALSE,60,10000,
BACON STREET,9,FALSE,0,59,
BALDWIN ROAD,2,TRUE,,,
BALM AVENUE,0,TRUE,,,not on map
BANBURY AVENUE,2,TRUE,,,
BANCROFT STREET,1,TRUE,,,
BANFORD WAY,12,TRUE,,,
BANKS STREET,5,TRUE,,,
BARBARA ROAD,7,TRUE,,,
BARBERRY ROAD (LEXINGTON),0,TRUE,,,
BARNES STREET,7,TRUE,,,
BARTLETT WAY,2,TRUE,,,
BARTON STREET,9,TRUE,,,
BEAL ROAD,7,TRUE,,,
BEAR HILL ROAD,3,TRUE,,,
BEAVER BROOK ROAD,3,TRUE,,,
BEAVER STREET,7,FALSE,0,634,
BEAVER STREET,5,FALSE,635,10000,
BEDFORD STREET,8,FALSE,122,10000,
BEDFORD STREET,12,FALSE,0,121,
BEECH STREET,13,TRUE,,,
BEECHWOOD ROAD,10,TRUE,,,
BELLEVUE PLACE,12,TRUE,,,
BELLEVUE STREET,12,TRUE,,,
BEMIS AVENUE,9,TRUE,,,
BENEFIT STREET,10,TRUE,,,
BENNETT STREET,10,TRUE,,,
BERKLEY STREET,1,TRUE,,,
BERKSHIRE ROAD,13,TRUE,,,
BIGELOW ROAD,5,TRUE,,,
BIRCH ROAD,1,TRUE,,,
BISHOP TERRACE,7,TRUE,,,
BISHOPS FOREST DRIVE,5,TRUE,,,
BITHER AVENUE,10,TRUE,,,
BLACK BEAR DRIVE,3,TRUE,,,
BLOSSOM STREET,4,TRUE,,,
BOLAND STREET,10,TRUE,,,
BOLTON STREET,10,TRUE,,,
BOW STREET,2,TRUE,,,
BOWDOIN AVENUE,1,FALSE,0,55,
BOWDOIN AVENUE,4,FALSE,56,10000,
BOWKER ROAD,7,TRUE,,,
BOWKER STREET,7,TRUE,,,
BOYNTON STREET,8,TRUE,,,
BRADFORD STREET,14,TRUE,,,
BRAEMORE ROAD,4,TRUE,,,
BRENNAN AVENUE,1,TRUE,,,
BREWSTER ROAD,1,TRUE,,,
BRIAR HILL LANE,2,TRUE,,,
BRIARWOOD ROAD,2,TRUE,,,
BRIGHAM ROAD,7,TRUE,,,
BRIGHT STREET,10,TRUE,,,
BRIGHTWOOD ROAD,7,TRUE,,,
BROOK AVENUE,12,TRUE,,,
BROOK ROAD,-1,TRUE,,,Not on WALTHAMGIS map https://walthamgis.maps.arcgis.com/apps/View/index.html?appid=dfae686b83d5473f902dd3099985121c
BROOKFIELD ROAD,7,TRUE,,,
BROOKLINE STREET (WATERTOWN),7,TRUE,,,
BROOKWAY COURT,1,TRUE,,,
BROOKWAY ROAD,1,TRUE,,,
BROWN STREET,12,FALSE,0,111,
BROWN STREET,13,FALSE,112,10000,
BROWNS AVENUE,9,TRUE,,,
BRUCE ROAD,7,TRUE,,,
BRYANT ROAD,8,TRUE,,,
BUTTRICK STREET (NEWTON),12,TRUE,,,
BUXTON LANE,5,TRUE,,,
BYRON ROAD,7,TRUE,,,
CABOT STREET,8,TRUE,,,
CALDWELL ROAD,8,TRUE,,,
CALVARY STREET,10,TRUE,,,
CAMBRIA ROAD,13,TRUE,,,
CAMBRIA ROAD (NEWTON),-1,TRUE,,,Not on WALTHAMGIS map
CANDACE AVENUE,7,TRUE,,,
CANDLEWOOD DRIVE,1,TRUE,,,
CANTERBURY ROAD,7,TRUE,,,
CARLETON ROAD,8,TRUE,,,
CARLIN ROAD,1,TRUE,,,
CAROL LANE,1,TRUE,,,
CARTER STREET,9,TRUE,,,
CASEY CIRCLE,1,TRUE,,,
CASTLE STREET,5,TRUE,,,
CAUGHEY STREET,14,TRUE,,,
CEDAR HILL LANE,7,TRUE,,,
CEDAR STREET,10,TRUE,,,
CEDARCROFT LANE,4,TRUE,,,
CEDARWOOD AVENUE,8,TRUE,,,
CENTRAL AVENUE,9,TRUE,,,
CENTRAL STREET,9,TRUE,,,
CENTRE STREET,10,TRUE,,,
CHAFFEE AVENUE,7,TRUE,,,
CHAMBERLAIN TERRACE,9,TRUE,,,
CHARLES RIVER ROAD,-1,TRUE,,,Not on WALTHAMGIS map
CHARLES STREET,9,FALSE,0,212,
CHARLES STREET,12,FALSE,213,10000,
CHARLES STREET AVENUE,12,TRUE,,,
CHARLESBANK WAY,12,TRUE,,,
CHARLOTTE ROAD,7,TRUE,,,
CHASE ROAD,2,TRUE,,,
CHATHAM LANE,2,TRUE,,,
CHERRY STREET,13,TRUE,,,
CHERYL LANE,4,TRUE,,,
CHESTER AVENUE,12,TRUE,,,
CHESTER LANE,1,TRUE,,,
CHESTERBROOK ROAD,5,TRUE,,,
CHESTNUT AVENUE,10,TRUE,,,
CHESTNUT STREET,10,FALSE,93,10000,
CHESTNUT STREET,13,FALSE,0,92,
CHRISTOPHER ROAD,10,TRUE,,,
CHURCH STREET,9,FALSE,0,74,
CHURCH STREET,5,FALSE,75,10000,
CIRCLE DRIVE,2,TRUE,,,
CIRCUIT LANE,7,TRUE,,,
CLAREMONT STREET,4,TRUE,,,
CLARK LANE,5,TRUE,,,
CLARK STREET,10,TRUE,,,
CLEMATIS AVENUE,7,TRUE,,,
CLEMENTS ROAD,7,TRUE,,,
CLEVELAND ROAD,7,TRUE,,,
CLIFF ROAD,2,TRUE,,,
CLINTON STREET,10,TRUE,,,
CLOCKTOWER DRIVE,2,TRUE,,,
COLBURN STREET,8,TRUE,,,
COLLEGE FARM ROAD,4,TRUE,,,
COLONIAL AVENUE,10,TRUE,,,
COLUMBUS AVENUE,9,TRUE,,,
COMMON STREET,9,TRUE,,,
COOLIDGE AVENUE,2,TRUE,,,
COOPER STREET,10,TRUE,,,
COPELAND STREET,1,TRUE,,,
COPLEY AVENUE,2,TRUE,,,
COWASSET LANE,5,TRUE,,,
CRAFTS STREET,13,TRUE,,,
CRAIG LANE,5,TRUE,,,
CRAVEN CIRCLE,5,TRUE,,,
CRESCENT STREET,13,FALSE,1,188,
CRESCENT STREET,12,FALSE,188,10000,
CRESTVIEW ROAD,1,TRUE,,,
CROSS STREET,9,TRUE,,,
CUNNINGHAM CIRCLE,8,TRUE,,,
CURTIS STREET,12,TRUE,,,
CURVE STREET,5,TRUE,,,
CUSANO CIRCLE,1,TRUE,,,
CUSHING STREET,10,TRUE,,,
CUTTER STREET,10,TRUE,,,
CUTTING LANE,8,TRUE,,,
DALE CIRCLE,14,TRUE,,,
DALE STREET,14,FALSE,95,10000,
DALE STREET,5,FALSE,0,94,
DANIELS COURT,9,TRUE,,,
DARTMOUTH STREET,12,TRUE,,,
DATA DRIVE,-1,TRUE,,,Not on WALTHAMGIS map
DAWES STREET,2,TRUE,,,
DAY STREET,10,TRUE,,,
DEMEREST STREET,2,TRUE,,,
DENNISON STREET,12,TRUE,,,
DERBY STREET,13,TRUE,,,
DERMODY ROAD,8,TRUE,,,
DEXTER AVENUE,13,TRUE,,,
DEXTER STREET,13,TRUE,,,
DIX STREET,10,TRUE,,,
DOBBINS STREET,4,TRUE,,,
DOLORES AVENUE,5,TRUE,,,
DORCHESTER STREET,8,TRUE,,,
DOTY STREET,2,TRUE,,,
DOUGLAS ROAD,10,TRUE,,,
DREW STREET,12,TRUE,,,
DRURY LANE,2,TRUE,,,
DUDDY AVENUE,9,TRUE,,,
DWIGHT STREET,7,TRUE,,,
DWIGHT STREET (WATERTOWN),7,TRUE,,,
EDDY STREET,8,TRUE,,,
EDGE HILL ROAD,8,TRUE,,,
EDGEWATER DRIVE,12,TRUE,,,
EDWIN ROAD,7,TRUE,,,
ELINOR CIRCLE,2,TRUE,,,
ELLERY ROAD,7,TRUE,,,
ELLISON PARK,5,TRUE,,,
ELM AVENUE,8,TRUE,,,
ELM COURT,10,TRUE,,,
ELM STREET,9,FALSE,0,52,
ELM STREET,10,FALSE,53,10000,
ELMHURST TERRACE,7,TRUE,,,
ELMWOOD AVENUE,8,TRUE,,,
ELSON ROAD,8,TRUE,,,
EMERSON ROAD,5,TRUE,,,
EMERY STREET,5,TRUE,,,
EMMELINE AVENUE,2,TRUE,,,
ENDICOTT STREET,12,TRUE,,,
ESSEX STREET,1,TRUE,,,
EVERETT STREET,8,TRUE,,,
EVERGREEN AVENUE,10,TRUE,,,
EXCHANGE COURT,9,TRUE,,,
EXCHANGE STREET,9,FALSE,0,50,
EXCHANGE STREET,5,FALSE,51,10000,
FAIRFAX ROAD,7,TRUE,,,
FAIRMONT AVENUE,8,TRUE,,,
FAIRVIEW AVENUE,8,TRUE,,,
FALCONER CIRCLE,4,TRUE,,,
FALMOUTH ROAD,13,TRUE,,,
FANEUIL ROAD,5,TRUE,,,
FARNSWORTH AVENUE,14,TRUE,,,
FARNSWORTH STREET,14,TRUE,,,
FARNUM ROAD,7,TRUE,,,
FARWELL STREET,10,TRUE,,,
FELTON STREET,9,TRUE,,,
FENTON STREET,14,TRUE,,,
FERN STREET,9,TRUE,,,
FIFTH AVENUE,3,TRUE,,,
FIR AVENUE,4,TRUE,,,
FIRST AVENUE,3,TRUE,,,
FISKE AVENUE,8,TRUE,,,
FISKE STREET,9,FALSE,0,62,
FISKE STREET,5,FALSE,63,10000,
FLAGG CIRCLE,8,TRUE,,,
FLOOD STREET,10,TRUE,,,
FLORAL CIRCLE,7,TRUE,,,
FLORENCE ROAD,8,TRUE,,,
FLOYD STREET,9,TRUE,,,
FOREST CIRCLE,2,TRUE,,,
FOREST GROVE ROAD,12,TRUE,,,
FOREST PARK DRIVE,2,TRUE,,,
FOREST STREET,2,TRUE,,,
FOUNDRY AVENUE,10,TRUE,,,
FOUNTAIN STREET,9,TRUE,,,
FOURTH AVENUE,3,TRUE,,,
FOX ROAD,3,TRUE,,,
FRANCIS STREET,9,TRUE,,,
FREEMONT TERRACE,7,TRUE,,,
FRIEND STREET,10,TRUE,,,
FULLER STREET,13,TRUE,,,
GALE STREET,10,TRUE,,,
GALEN STREET,14,TRUE,,,
GARDEN CIRCLE,15,TRUE,,,
GARDEN LANE,15,TRUE,,,
GARDNER STREET,10,TRUE,,,
GATEHOUSE DRIVE,3,TRUE,,,
GENTLEMAN'S WAY,5,TRUE,,,
GEORGIAN ROAD,-1,TRUE,,,Weston
GIBBS COURT,9,TRUE,,,
GILBERT STREET,10,TRUE,,,
GILL ROAD,7,TRUE,,,
GILL ROAD (WATERTOWN),-1,TRUE,,,Watertown
GILMAN ROAD,2,TRUE,,,
GLEN CIRCLE,5,TRUE,,,
GOLDENCREST AVENUE,1,TRUE,,,
GORDON STREET,10,TRUE,,,
GORE STREET,10,TRUE,,,
GORHAM STREET,10,TRUE,,,
GORMAN'S COURT,5,TRUE,,,
GRANT AVENUE,7,TRUE,,,
GRANT PLACE,9,TRUE,,,
GRANT STREET,9,TRUE,,,
GRAYMORE ROAD,1,TRUE,,,
GREELEY'S COURT,5,TRUE,,,
GREEN STREET,8,TRUE,,,
GREENWOOD LANE,5,TRUE,,,
GREER STREET,2,TRUE,,,
GREGORY STREET,4,TRUE,,,
GROSVENOR ROAD,10,TRUE,,,
GROVE ROAD,1,TRUE,,,
GROVE STREET,10,TRUE,,,
GUINAN STREET,5,TRUE,,,
HAGAR LANE,7,TRUE,,,
HAGAR STREET,10,TRUE,,,
HALL STREET,10,TRUE,,,
HAMBLIN ROAD,13,TRUE,,,
HAMILTON ROAD,8,TRUE,,,
HAMMER STREET,12,TRUE,,,
HAMMOND STREET,5,TRUE,,,
HAMMOND STREET,9,TRUE,,,
HANSEN ROAD,8,TRUE,,,
HARDING AVENUE,10,TRUE,,,
HARDY POND ROAD,1,TRUE,,,
HARDY STREET,10,TRUE,,,
HARLAND ROAD,8,TRUE,,,
HARMON ROAD,2,TRUE,,,
HARRINGTON ROAD,2,TRUE,,,
HARRIS STREET,5,TRUE,,,
HARTWELL PLACE,12,TRUE,,,
HARTWELL STREET,12,TRUE,,,
HARVARD PLACE,9,TRUE,,,
HARVARD STREET,9,TRUE,,,
HASTINGS AVENUE,9,TRUE,,,
HASTINGS STREET,10,TRUE,,,
HATHERLY ROAD,2,TRUE,,,
HAWTHORNE ROAD,8,TRUE,,,
HAYS ROAD,12,TRUE,,,
HAZEL STREET,14,TRUE,,,
HEARD STREET,9,TRUE,,,
HELEN STREET,2,TRUE,,,
HEMLOCK TERRACE,2,TRUE,,,
HERSUM WAY,1,TRUE,,,
HIAWATHA AVENUE,1,TRUE,,,
HIBISCUS AVENUE,1,TRUE,,,
HIBISCUS AVENUE,4,TRUE,,,
HICKORY DRIVE,3,TRUE,,,
HIGH ROCK CIRCLE,1,TRUE,,,
HIGH STREET,10,TRUE,,,
HIGHLAND STREET,12,TRUE,,,
HILL ROAD,8,TRUE,,,
HILLCREST ROAD,1,TRUE,,,
HILLCREST STREET,4,TRUE,,,
HILLCROFT ROAD,2,TRUE,,,
HILLSIDE AVENUE,3,TRUE,,,
HOBBS BROOK ROAD,1,TRUE,,,
HOBBS ROAD,2,TRUE,,,
HOLLACE STREET,7,TRUE,,,
HOPE AVENUE,12,TRUE,,,
HOVEY ROAD,13,TRUE,,,
HOWARD STREET,9,TRUE,,,
HOWARD STREET,5,TRUE,,,
HUMBOLDT STREET,2,TRUE,,,
HUNTINGTON STREET,2,TRUE,,,
INDIAN ROAD,4,TRUE,,,
INTERVALE ROAD,8,TRUE,,,
IRVING STREET,8,TRUE,,,
IVALOO STREET,2,TRUE,,,
IVY LANE,2,TRUE,,,
JACKSON PLACE,9,TRUE,,,
JACKSON STREET,9,TRUE,,,
JACQUELINE ROAD,2,TRUE,,,
JAMES STREET,8,TRUE,,,
JENNINGS ROAD,8,TRUE,,,
JERICHO HILL ROAD,4,TRUE,,,
JOHN STREET,10,TRUE,,,
JONES ROAD,8,TRUE,,,
JOY STREET,5,TRUE,,,
JOYCE ROAD,13,TRUE,,,
JUDITH LANE,2,TRUE,,,
JUNIPER HILL ROAD,2,TRUE,,,
KEACH STREET,8,TRUE,,,
KEACH TERRACE,8,TRUE,,,
KENDALL PARK,5,TRUE,,,
KENMORE ROAD,10,TRUE,,,
KENMORE TERRACE,10,TRUE,,,
KENWOOD LANE,2,TRUE,,,
KINGS WAY,1,TRUE,,,
KINGSLEY COURT,9,TRUE,,,
KINGSTON ROAD,1,TRUE,,,
KINGSTON TERRACE,1,TRUE,,,
KNOLLWOOD DRIVE,12,TRUE,,,
KODIAK WAY,3,TRUE,,,
LAFAYETTE STREET,10,TRUE,,,
LAKE ROAD,1,TRUE,,,
LAKE STREET,1,TRUE,,,
LAKEVIEW AVENUE,4,TRUE,,,
LAKEVIEW TERRACE,1,TRUE,,,
LARCHMONT AVENUE,4,TRUE,,,
LAUREL AVENUE,13,TRUE,,,
LAUREL AVENUE (NEWTON),-1,TRUE,,,newton
LAURICELLA LANE,3,TRUE,,,
LAWNDALE AVENUE,10,TRUE,,,
LAWRENCE STREET,5,TRUE,,,
LAWTON PLACE,9,TRUE,,,
LEBLANC LANE,2,TRUE,,,
LEDGE ROAD,2,TRUE,,,
LEITHA DRIVE,1,TRUE,,,
LEONARD STREET,5,TRUE,,,
LESLIE ROAD,1,TRUE,,,
LEXINGTON STREET,5,FALSE,0,119,
LEXINGTON STREET,9,FALSE,120,10000,
LEXINGTON TERRACE,5,TRUE,,,
LIBERTY STREET,9,TRUE,,,
LINCOLN STREET,5,FALSE,168,10000,
LINCOLN STREET,4,FALSE,112,167,
LINCOLN STREET,1,FALSE,0,111,
LINCOLN TERRACE,5,TRUE,,,
LINCOLN WOODS ROAD,1,TRUE,,,
LINDEN CIRCLE,7,TRUE,,,
LINDEN PARK DRIVE,7,TRUE,,,
LINDEN STREET,7,TRUE,,,
LINDEN TERRACE,7,TRUE,,,
LINDY LANE,9,TRUE,,,
LIONEL AVENUE,2,TRUE,,,
LISA LANE,2,TRUE,,,
LIVERMORE ROAD,5,TRUE,,,
LIVERPOOL LANE,10,TRUE,,,
LIVINGSTONE LANE,8,TRUE,,,
LONGFELLOW ROAD,7,TRUE,,,
LONGFELLOW ROAD (WATERTOWN),-1,TRUE,,,watertown
LORD STREET,5,TRUE,,,
LORETTA ROAD,1,TRUE,,,
LORY DRIVE,2,TRUE,,,
LOWELL PLACE,10,TRUE,,,
LOWELL STREET,10,FALSE,1,58,
LOWELL STREET,13,FALSE,59,10000,
LUNDA STREET,5,TRUE,,,
LURA LANE,5,TRUE,,,
LYMAN STREET,5,TRUE,,,
LYMAN TERRACE,5,TRUE,,,
MACKS COURT,5,TRUE,,,
MADISON ROAD,7,TRUE,,,
MAIN STREET,7,FALSE,1,487,
MAIN STREET,8,FALSE,962,10000,
MAIN STREET,9,FALSE,488,961,
MAIN STREET (WATERTOWN),-1,TRUE,,,watertown
MALLARD WAY,2,TRUE,,,
MALVERN STREET,4,TRUE,,,
MANNING ROAD,7,TRUE,,,
MANOR ROAD,7,TRUE,,,
MAPLE STREET,13,TRUE,,,
MARGUERITE AVENUE,2,TRUE,,,
MARIANNE ROAD,7,TRUE,,,
MARION STREET,14,TRUE,,,
MARIVISTA AVENUE,4,TRUE,,,
MARKET PLACE DRIVE,3,TRUE,,,
MARLBOROUGH ROAD,2,TRUE,,,
MARLTON ROAD,7,TRUE,,,
MARTYN STREET,12,TRUE,,,
MASSASOIT COURT,10,TRUE,,,
MASSASOIT STREET,10,TRUE,,,
MATTHEW LANE,2,TRUE,,,
MAYALL ROAD,7,TRUE,,,
MCBRIDE'S COURT,10,TRUE,,,
MCKENN STREET,10,TRUE,,,
MEADE ROAD,1,TRUE,,,
MEADOW LANE,1,TRUE,,,
MECHANIC STREET,9,TRUE,,,
MELODY LANE,1,TRUE,,,
MICHAEL CHRIS DRIVE,2,TRUE,,,
MIDDLE STREET,9,TRUE,,,
MIDDLE STREET COURT,9,TRUE,,,
MIDDLESEX CIRCLE,7,TRUE,,,
MIDDLESEX ROAD,15,TRUE,,,
MIDLAND DRIVE,7,TRUE,,,
MILNER STREET,4,TRUE,,,
MILO STREET,13,TRUE,,,
MILTON STREET,8,TRUE,,,
MIRIAM ROAD,1,TRUE,,,
MOKEMA AVENUE,1,FALSE,0,40,
MOKEMA AVENUE,4,FALSE,41,10000,
MONTCLAIR AVENUE,4,TRUE,,,
MONTVIEW AVENUE,4,TRUE,,,
MONTVIEW CIRCLE,4,TRUE,,,
MOODY STREET,9,FALSE,0,256,
MOODY STREET,13,FALSE,257,10000,
MOORE STREET,10,TRUE,,,
MORRIS STREET,12,TRUE,,,
MORTON STREET,12,TRUE,,,
MORTON WAY,12,TRUE,,,
MOUNT IDA TERRACE,4,TRUE,,,
MOUNT PLEASANT STREET,4,TRUE,,,
MOUNT VERNON AVENUE,4,TRUE,,,
MOUNT WALLEY ROAD,4,TRUE,,,
MOUNTAIN ROAD,1,TRUE,,,
MULDOON'S COURT,10,TRUE,,,
MUNROE AVENUE,9,TRUE,,,
MUNSTER TERRACE,9,TRUE,,,
MURRAY STREET,14,TRUE,,,
MUSIC HALL AVENUE,9,TRUE,,,
MYRTLE STREET,13,TRUE,,,
NANCY LANE,2,TRUE,,,
NATHAN ROAD,8,TRUE,,,
NAVIENS LANE,10,TRUE,,,
NEIGHBORS LANE,7,TRUE,,,
NEWBURGH STREET,2,TRUE,,,
NEWTON STREET,9,TRUE,,,
NEWTON STREET,10,TRUE,,,
NEWTON STREET,13,TRUE,,,
NOONAN STREET,9,TRUE,,,
NORUMBEGA TERRACE,12,TRUE,,,
NOTTINGHAM STREET,2,TRUE,,,
NUTTING ROAD,4,TRUE,,,
OAK HILL ROAD,8,TRUE,,,
OAK ROAD,1,TRUE,,,
OAK STREET,10,TRUE,,,
OAKLEDGE ROAD,2,TRUE,,,
OAKLEY LANE,5,TRUE,,,
ODE STREET,4,TRUE,,,
OLD CONANT CIRCLE,1,TRUE,,,
OLD CONANT ROAD,1,TRUE,,,
OLD COUNTY ROAD,1,TRUE,,,
OLD LEXINGTON ROAD,2,TRUE,,,
OLD SOUTH STREET,12,TRUE,,,
ORANGE STREET,12,TRUE,,,
ORCHARD AVENUE,5,TRUE,,,
OUTLOOK ROAD,1,TRUE,,,
OVERLAND ROAD,8,TRUE,,,
OVERLOOK ROAD,4,TRUE,,,
PALMER STREET,9,TRUE,,,
PARK PLACE,9,TRUE,,,
PARK STREET,12,TRUE,,,
PARKERS LANE,10,TRUE,,,
PARKVIEW ROAD,7,TRUE,,,
PARMENTER ROAD,13,TRUE,,,
PARMENTER ROAD (NEWTON),-1,TRUE,,,newton
PARSONS AVENUE,7,TRUE,,,
PARTRIDGE CIRCLE,1,TRUE,,,
PEARL STREET,8,TRUE,,,
PEIRCE STREET,10,TRUE,,,
PELHAM ROAD,7,TRUE,,,
PHEASANT ROAD,1,TRUE,,,
PHILIPS TERRACE,8,TRUE,,,
PHILLIPS CIRCLE,7,TRUE,,,
PIEDMONT AVENUE,4,TRUE,,,
PIETY CORNER ROAD,5,TRUE,,,
PIGEON LANE,2,TRUE,,,
PINE HILL CIRCLE,4,TRUE,,,
PINE STREET,10,TRUE,,,
PINE VALE ROAD,1,TRUE,,,
PLANT ROAD,1,TRUE,,,
PLEASANT AVENUE,8,TRUE,,,
PLEASANT STREET,5,TRUE,,,
PLYMPTON AVENUE,5,TRUE,,,
PLYMPTON CIRCLE,5,TRUE,,,
PLYMPTON STREET,5,FALSE,0,117,
PLYMPTON STREET,8,FALSE,118,10000,
POND END ROAD,5,TRUE,,,
POND END SCHOOL LANE,4,TRUE,,,
POND STREET,5,TRUE,,,
POND STREET COURT,5,TRUE,,,
PORTER ROAD,2,TRUE,,,
POTTER ROAD,10,TRUE,,,
PRATT AVENUE,12,TRUE,,,
PRENTICE STREET,8,TRUE,,,
PRINCETON AVENUE,4,FALSE,29,10000,
PRINCETON AVENUE,1,FALSE,0,28,
PRISCILLA LANE,1,TRUE,,,
PROSPECT HILL AVENUE,9,TRUE,,,
PROSPECT HILL ROAD,8,TRUE,,,
PROSPECT STREET,12,TRUE,,,may be split across street?
PROSPECT STREET AVENUE,12,TRUE,,,
PUTNAM STREET,5,TRUE,,,
PUTNEY LANE,2,TRUE,,,
RAFFAELE DRIVE,2,TRUE,,,
RANDALL STREET,12,TRUE,,,
RANDO LANE,5,TRUE,,,
RANGELY ROAD,10,TRUE,,,
RAVENSWOOD ROAD,8,TRUE,,,
RESERVOIR ROAD,12,TRUE,,,
REYEM STREET,9,TRUE,,,
RICH STREET,9,TRUE,,,
RICHGRAIN AVENUE,10,TRUE,,,
RIDGE LANE,1,TRUE,,,
RIDGEWOOD TERRACE,12,TRUE,,,
RIPLEY STREET,10,TRUE,,,
RIVER AVENUE,10,TRUE,,,
RIVER STREET,10,TRUE,,,
RIVERSIDE DRIVE,12,TRUE,,,
RIVERVIEW AVENUE,12,TRUE,,,
ROBBINS PLACE,13,TRUE,,,
ROBBINS STREET,12,FALSE,0,115,
ROBBINS STREET,13,FALSE,116,10000,
ROBERT TREAT PAINE DRIVE,5,TRUE,,,
ROBERTS ROAD,12,TRUE,,,
ROCK LANE,5,TRUE,,,
ROCKRIDGE ROAD,8,TRUE,,,
ROGERS WAY,2,TRUE,,,
ROSE HILL WAY,7,TRUE,,,
ROSEANNA PARK DRIVE,2,TRUE,,,
ROSEMONT AVENUE,4,TRUE,,,
ROSEWOOD DRIVE,2,TRUE,,,
ROYAL STREET,2,TRUE,,,
RUMFORD AVENUE,12,TRUE,,,
RUMFORD AVENUE (NEWTON),-1,TRUE,,,newton
RUSSELL STREET,9,FALSE,0,92,
RUSSELL STREET,12,FALSE,93,10000,
RUTLEDGE TERRACE,2,TRUE,,,
SACHEM STREET,4,TRUE,,,
SAGAMORE WAY,12,TRUE,,,
SAMOSET LANE,5,TRUE,,,
SANDERS LANE,5,TRUE,,,
SANDERSON ROAD,5,TRUE,,,
SARTELL ROAD,8,TRUE,,,
SAWYER ROAD,12,TRUE,,,
SCHOOL AVENUE,10,TRUE,,,
SCHOOL STREET,9,TRUE,,,
SECOND AVENUE,3,TRUE,,,
SEMINOLE AVENUE,1,FALSE,91,10000,
SEMINOLE AVENUE,4,FALSE,0,90,
SEYON STREET,10,TRUE,,,
SHADE STREET,2,TRUE,,,
SHAKESPEARE ROAD,12,TRUE,,,
SHARON STREET,12,TRUE,,,
SHAWMUT ROAD,7,TRUE,,,
SHEFFIELD ROAD,1,TRUE,,,
SHERBOURNE PLACE,1,TRUE,,,
SHERIDAN ROAD,8,TRUE,,,
SHERWOOD LANE,2,TRUE,,,
SHIRLEY ROAD,7,TRUE,,,
SHORE ROAD,1,TRUE,,,
SIBLEY ROAD,8,TRUE,,,
SILVER HILL LANE,1,TRUE,,,
SIOUX AVENUE,1,TRUE,,,
SMART STREET,4,TRUE,,,
SMITH STREET,1,TRUE,,,
SNOW CIRCLE,1,TRUE,,,
SOUTH STREET,12,TRUE,,,
SPARKILL STREET,2,TRUE,,,
SPENCER STREET,-1,TRUE,,,not found on map: https://walthamgis.maps.arcgis.com/apps/View/index.html?appid=dfae686b83d5473f902dd3099985121c
SPRING STREET,9,TRUE,,,
SPRUCE STREET,13,TRUE,,,
STANDISH COURT,10,TRUE,,,
STANLEY ROAD,5,TRUE,,,
STEARNS HILL ROAD,1,TRUE,,,
STEARNS STREET,10,TRUE,,,
STERLING ROAD,8,TRUE,,,
STONE ROAD,7,TRUE,,,
STOW STREET,8,TRUE,,,
STRATTON TERRACE,9,TRUE,,,
SUMMER AVENUE,5,TRUE,,,
SUMMER STREET,5,TRUE,,,
SUMMIT AVENUE,8,TRUE,,,
SUMMIT STREET,8,FALSE,10,10000,
SUMMIT STREET,5,FALSE,0,9,
SUN STREET,9,TRUE,,,
SUNNYSIDE STREET,12,TRUE,,,
SUNSET ROAD,8,TRUE,,,
SYCAMORE STREET (WATERTOWN),-1,TRUE,,,watertown
SYLVAN ROAD,3,TRUE,,,
TAVERN ROAD,8,TRUE,,,
TAYLOR STREET,10,TRUE,,,
TECHNOLOGY DRIVE,-1,TRUE,,,
TEMPLE ROAD,2,TRUE,,,
TENNYSON ROAD,7,TRUE,,,
THAYER ROAD,7,TRUE,,,
THIRD AVENUE,3,TRUE,,,
THORNTON ROAD,8,TRUE,,,
TIP TOP TERRACE,7,TRUE,,,
TOLMAN STREET,13,TRUE,,,
TOLMAN STREET (NEWTON),-1,TRUE,,,
TOMLIN STREET,14,TRUE,,,
TOTTEN CIRCLE,14,TRUE,,,
TOTTEN COURT,5,TRUE,,,
TOTTEN POND ROAD,5,TRUE,,,
TOWER ROAD,3,TRUE,,,
TOWNSEND STREET,9,TRUE,,,
TRAPELO ROAD,1,FALSE,1019,10000,
TRAPELO ROAD,2,FALSE,126,1018,
TRAPELO ROAD,7,FALSE,0,125,
TRIMOUNT AVENUE,4,TRUE,,,
TRINITY CIRCLE,7,TRUE,,,
TUDOR STREET,1,TRUE,,,
TURNER STREET,12,TRUE,,,
UNDERWOOD AVENUE (NEWTON),-1,TRUE,,,newton
UNDERWOOD PARK,13,TRUE,,,
UNIVERSITY PARK,8,TRUE,,,
UPLAND ROAD,8,TRUE,,,
UPTON ROAD,7,TRUE,,,
VALLEY VIEW ROAD,5,TRUE,,,
VAN VECHTEN STREET,2,TRUE,,,
VARNUM PARK,5,TRUE,,,
VERNON STREET,12,TRUE,,,
VERNON STREET,8,TRUE,,,
VESPER STREET,1,TRUE,,,
VILES COURT,9,TRUE,,,
VILLA STREET,8,TRUE,,,
VIRGINIA ROAD,8,TRUE,,,
WADSWORTH AVENUE,13,TRUE,,,
WALL STREET,10,TRUE,,,
WALNUT STREET,13,TRUE,,,
WALTON STREET,4,TRUE,,,
WAMPUM AVENUE,1,TRUE,,,
WAMSUTTA AVENUE,1,TRUE,,,
WARREN AVENUE,5,TRUE,,,
WARREN STREET,7,TRUE,,,
WARWICK AVENUE,2,TRUE,,,
WASHINGTON AVENUE,13,TRUE,,,
WASHINGTON AVENUE (NEWTON),-1,TRUE,,,newton
WATER STREET,9,TRUE,,,
WAVERLEY OAKS ROAD,7,TRUE,,,
WAVERLEY STREET,7,TRUE,,,
WAYNE AVENUE,7,TRUE,,,
WAYNE AVENUE (WATERTOWN),-1,TRUE,,,watertown
WEBSTER STREET,7,TRUE,,,
WEBSTER STREET (WATERTOWN),-1,TRUE,,,watertown
WEIR ROAD,4,TRUE,,,
WELLINGTON AVENUE,9,TRUE,,,
WELLINGTON STREET,9,TRUE,,,
WEST STREET,3,TRUE,,,
WESTBROOK CIRCLE,10,TRUE,,,
WESTGATE ROAD,8,TRUE,,,
WESTON STREET,8,TRUE,,,
WETHERBEE ROAD,8,TRUE,,,
WHEELOCK ROAD,12,TRUE,,,
WHEELOCK TERRACE,12,TRUE,,,
WHITCOMB STREET,10,TRUE,,,
WHITMAN ROAD,7,TRUE,,,
WHITTIER AVENUE,1,TRUE,,,
WIGHT STREET,2,TRUE,,,
WILBUR STREET,7,TRUE,,,
WILDWOOD LANE,5,TRUE,,,
WILLARD STREET,14,TRUE,,,
WILLIAMS STREET,9,TRUE,,,
WILLOW STREET,10,TRUE,,,
WILMOT ROAD,7,TRUE,,,
WILSON ROAD,7,TRUE,,,
WILTON STREET,7,TRUE,,,
WIMBLEDON CIRCLE,1,TRUE,,,
WINDSOR TERRACE,7,TRUE,,,
WINGATE ROAD,1,TRUE,,,
WINSOM AVENUE,10,TRUE,,,
WINTER STREET,4,TRUE,,,
WINTHROP STREET,8,TRUE,,,
WOBURN STREET,2,TRUE,,,
WOERD AVENUE,12,TRUE,,,
WOODCHESTER CIRCLE,1,TRUE,,,
WOODCHESTER ROAD,1,TRUE,,,
WOODCLIFF DRIVE,2,TRUE,,,
WOODLAND ROAD,8,TRUE,,,
WOODLAWN AVENUE,5,TRUE,,,
WORCESTER LANE,5,TRUE,,,
WYMAN STREET,3,TRUE,,,
WYOLA PROSPECT STREET,5,TRUE,,,
YETTEN TERRACE,10,TRUE,,,